,0
0,dont
1,just
2,thing
3,character
4,also
5,co
6,when
7,im
8,book
9,well
10,action
11,see
12,really
13,youll
14,yet
15,years
16,actors
17,performance
18,make
19,much
20,films
21,ever
22,us
23,made
24,sequel
25,read
26,little
27,first
28,permalink
29,even
30,back
31,seriesyear
32,academy
33,could
34,did
35,watch
36,never
37,going
38,film
39,things
40,goodreads
41,review
42,one
43,take
44,movie
45,plot
46,best
47,fiction
48,actor
49,seen
50,still
51,com
52,greatest
53,movies
54,better
55,like
56,and
57,books
58,would
59,great
60,characters
61,show
62,two
63,though
64,many
65,reading
66,part
67,get
68,want
69,ive
70,story
71,perfect
72,end
73,good
74,vote
75,acting
76,every
77,hyperlink
78,post
79,novella
80,something
81,year
82,hollywood
83,10
84,www
85,oscar
86,the
87,say
88,may
89,way
90,know
91,parts
92,go
93,everything
94,original
95,amazing
96,new
97,three
98,http
99,novel
100,scenes
101,makes
102,think
103,found
104,itit
